{"loss": [0.03615135699510574, 0.014464037492871284, 0.013183617033064365, 0.012812583707273006, 0.0120231406763196, 0.011539217084646225, 0.010951722972095013, 0.010541778057813644, 0.0104214521124959, 0.01008603535592556, 0.009907579980790615, 0.009642497636377811, 0.009479314088821411, 0.009231395088136196, 0.009133359417319298, 0.00896900799125433, 0.008896000683307648, 0.008612980134785175, 0.008619937114417553, 0.008586401119828224, 0.008487964048981667, 0.008290579542517662, 0.008274717256426811, 0.008251654915511608, 0.008159496821463108, 0.00812898576259613, 0.008059611544013023, 0.007928228005766869, 0.008039445616304874, 0.007919002324342728, 0.007860049605369568, 0.007884357124567032, 0.00783794280141592, 0.007855390198528767, 0.00784461572766304, 0.007745643146336079, 0.007786012254655361, 0.0077459318563342094, 0.007725306786596775, 0.00766341108828783, 0.007719556801021099, 0.007665857207030058, 0.007710217963904142, 0.007633718196302652, 0.007593358866870403, 0.007696088869124651, 0.0076137264259159565, 0.007593285758048296, 0.007657408248633146, 0.007520091719925404, 0.007587613072246313, 0.007501010317355394, 0.007558118551969528, 0.007528369780629873, 0.006327362265437841, 0.006301548797637224, 0.006296081934124231, 0.006278020329773426, 0.0062750959768891335, 0.006279378198087215, 0.00625796290114522, 0.006255114916712046, 0.006265629548579454, 0.006260510068386793], "mae": [0.03615135699510574, 0.014464037492871284, 0.013183617033064365, 0.012812583707273006, 0.0120231406763196, 0.011539217084646225, 0.010951722972095013, 0.010541778057813644, 0.0104214521124959, 0.01008603535592556, 0.009907579980790615, 0.009642497636377811, 0.009479314088821411, 0.009231395088136196, 0.009133359417319298, 0.00896900799125433, 0.008896000683307648, 0.008612980134785175, 0.008619937114417553, 0.008586401119828224, 0.008487964048981667, 0.008290579542517662, 0.008274717256426811, 0.008251654915511608, 0.008159496821463108, 0.00812898576259613, 0.008059611544013023, 0.007928228005766869, 0.008039445616304874, 0.007919002324342728, 0.007860049605369568, 0.007884357124567032, 0.00783794280141592, 0.007855390198528767, 0.00784461572766304, 0.007745643146336079, 0.007786012254655361, 0.0077459318563342094, 0.007725306786596775, 0.00766341108828783, 0.007719556801021099, 0.007665857207030058, 0.007710217963904142, 0.007633718196302652, 0.007593358866870403, 0.007696088869124651, 0.0076137264259159565, 0.007593285758048296, 0.007657408248633146, 0.007520091719925404, 0.007587613072246313, 0.007501010317355394, 0.007558118551969528, 0.007528369780629873, 0.006327362265437841, 0.006301548797637224, 0.006296081934124231, 0.006278020329773426, 0.0062750959768891335, 0.006279378198087215, 0.00625796290114522, 0.006255114916712046, 0.006265629548579454, 0.006260510068386793], "mape": [261.4031066894531, 360.48968505859375, 271.384033203125, 303.0920715332031, 60.12931442260742, 56.86894226074219, 22.717540740966797, 75.66348266601562, 45.208072662353516, 20.313140869140625, 177.03810119628906, 99.99174499511719, 146.50357055664062, 259.178466796875, 182.38047790527344, 161.28431701660156, 278.0997009277344, 235.97354125976562, 148.50106811523438, 40.46554946899414, 151.15243530273438, 117.16864776611328, 125.99030303955078, 143.10116577148438, 94.14462280273438, 55.54373550415039, 165.4749755859375, 175.4321746826172, 23.520641326904297, 12.752556800842285, 45.741607666015625, 63.07481384277344, 5.166741371154785, 54.10396957397461, 66.74481201171875, 40.364036560058594, 8.187594413757324, 58.47270202636719, 130.308349609375, 138.2738494873047, 50.55209732055664, 7.503016471862793, 50.86015319824219, 13.703958511352539, 83.93350219726562, 77.88327026367188, 58.701698303222656, 184.1160125732422, 12.79420280456543, 8.504910469055176, 5.211551189422607, 54.979732513427734, 188.5254669189453, 41.037086486816406, 68.73603057861328, 99.2042007446289, 71.0347671508789, 60.8924674987793, 105.11054229736328, 61.58441162109375, 62.018898010253906, 82.72130584716797, 81.98631286621094, 70.09676361083984], "val_loss": [0.012568297795951366, 0.01170957088470459, 0.011210274882614613, 0.01077442616224289, 0.010891109704971313, 0.010758875869214535, 0.01004109624773264, 0.011351315304636955, 0.009177643805742264, 0.010947829112410545, 0.009678562171757221, 0.008913066238164902, 0.009147495962679386, 0.008619554340839386, 0.009231817908585072, 0.007998966611921787, 0.009814068675041199, 0.009381432086229324, 0.00826754979789257, 0.009832965210080147, 0.010979356244206429, 0.007477826438844204, 0.008550127036869526, 0.007769690360873938, 0.010269943624734879, 0.007555150892585516, 0.008440554141998291, 0.0075866663828492165, 0.008418524637818336, 0.008922281675040722, 0.007530443370342255, 0.006954963319003582, 0.007620174437761307, 0.00693214638158679, 0.007207612507045269, 0.00730252917855978, 0.007201592903584242, 0.007955530658364296, 0.0071407500654459, 0.0071453433483839035, 0.007162419613450766, 0.008736914023756981, 0.007328497711569071, 0.007423026021569967, 0.007095592562109232, 0.008012737147510052, 0.008281227201223373, 0.006990526337176561, 0.007333298679441214, 0.0073829335160553455, 0.007177375257015228, 0.007941635325551033, 0.009054044261574745, 0.007404420990496874, 0.006516763940453529, 0.006235042586922646, 0.006628091912716627, 0.006682207342237234, 0.0063537610694766045, 0.006402342580258846, 0.006259187590330839, 0.006312393117696047, 0.006465318612754345, 0.0064108846709132195], "val_mae": [0.012568297795951366, 0.01170957088470459, 0.011210274882614613, 0.01077442616224289, 0.010891109704971313, 0.010758875869214535, 0.01004109624773264, 0.011351315304636955, 0.009177643805742264, 0.010947829112410545, 0.009678562171757221, 0.008913066238164902, 0.009147495962679386, 0.008619554340839386, 0.009231817908585072, 0.007998966611921787, 0.009814068675041199, 0.009381432086229324, 0.00826754979789257, 0.009832965210080147, 0.010979356244206429, 0.007477826438844204, 0.008550127036869526, 0.007769690360873938, 0.010269943624734879, 0.007555150892585516, 0.008440554141998291, 0.0075866663828492165, 0.008418524637818336, 0.008922281675040722, 0.007530443370342255, 0.006954963319003582, 0.007620174437761307, 0.00693214638158679, 0.007207612507045269, 0.00730252917855978, 0.007201592903584242, 0.007955530658364296, 0.0071407500654459, 0.0071453433483839035, 0.007162419613450766, 0.008736914023756981, 0.007328497711569071, 0.007423026021569967, 0.007095592562109232, 0.008012737147510052, 0.008281227201223373, 0.006990526337176561, 0.007333298679441214, 0.0073829335160553455, 0.007177375257015228, 0.007941635325551033, 0.009054044261574745, 0.007404420990496874, 0.006516763940453529, 0.006235042586922646, 0.006628091912716627, 0.006682207342237234, 0.0063537610694766045, 0.006402342580258846, 0.006259187590330839, 0.006312393117696047, 0.006465318612754345, 0.0064108846709132195],