{"loss": [0.039585672318935394, 0.016543464735150337, 0.01224247645586729, 0.010813221335411072, 0.009998631663620472, 0.00921611487865448, 0.008685399778187275, 0.008289535529911518, 0.008103223517537117, 0.007856852374970913, 0.007697890046983957, 0.0075387111864984035, 0.007433062884956598, 0.007380629424005747, 0.007335126865655184, 0.007228718604892492, 0.007155032828450203, 0.007107167039066553, 0.007040959782898426, 0.0069966441951692104, 0.006984860170632601, 0.006920777726918459, 0.006945282686501741, 0.006833151914179325, 0.006829304154962301, 0.006767221260815859, 0.006766863167285919, 0.006694868206977844, 0.006693305913358927, 0.00668394286185503, 0.006640181411057711, 0.006648816633969545, 0.00663453433662653, 0.006573716644197702, 0.005752116907387972, 0.00572813069447875, 0.005729124881327152, 0.005718161351978779, 0.005722641479223967, 0.005711827427148819, 0.0057130614295601845, 0.005707667209208012, 0.005706941708922386, 0.005702112335711718], "mae": [0.039585672318935394, 0.016543464735150337, 0.01224247645586729, 0.010813221335411072, 0.009998631663620472, 0.00921611487865448, 0.008685399778187275, 0.008289535529911518, 0.008103223517537117, 0.007856852374970913, 0.007697890046983957, 0.0075387111864984035, 0.007433062884956598, 0.007380629424005747, 0.007335126865655184, 0.007228718604892492, 0.007155032828450203, 0.007107167039066553, 0.007040959782898426, 0.0069966441951692104, 0.006984860170632601, 0.006920777726918459, 0.006945282686501741, 0.006833151914179325, 0.006829304154962301, 0.006767221260815859, 0.006766863167285919, 0.006694868206977844, 0.006693305913358927, 0.00668394286185503, 0.006640181411057711, 0.006648816633969545, 0.00663453433662653, 0.006573716644197702, 0.005752116907387972, 0.00572813069447875, 0.005729124881327152, 0.005718161351978779, 0.005722641479223967, 0.005711827427148819, 0.0057130614295601845, 0.005707667209208012, 0.005706941708922386, 0.005702112335711718], "mape": [1534.5001220703125, 394.91717529296875, 55.267913818359375, 144.31455993652344, 17.099123001098633, 170.9552459716797, 206.55926513671875, 170.41651916503906, 87.07645416259766, 162.32473754882812, 150.38067626953125, 142.54100036621094, 34.897743225097656, 184.29759216308594, 112.87427520751953, 130.7781219482422, 60.3616828918457, 75.4261474609375, 117.3493423461914, 103.5701904296875, 111.00353240966797, 78.46177673339844, 132.00259399414062, 12.936325073242188, 18.243682861328125, 40.71051025390625, 41.31355285644531, 118.74236297607422, 74.85275268554688, 18.145803451538086, 10.969964027404785, 61.57414245605469, 20.36988639831543, 21.26552963256836, 45.09474182128906, 15.62557315826416, 52.355865478515625, 38.4594612121582, 26.033475875854492, 47.15171813964844, 50.591861724853516, 64.13013458251953, 73.88850402832031, 93.08096313476562], "val_loss": [0.022205282002687454, 0.01286123227328062, 0.010628696531057358, 0.010234531946480274, 0.010174237191677094, 0.008313058875501156, 0.008495367132127285, 0.00830132607370615, 0.008063591085374355, 0.008104835636913776, 0.007425500079989433, 0.007563876453787088, 0.008154062554240227, 0.007253372576087713, 0.006939719896763563, 0.006397891324013472, 0.007140154484659433, 0.006733263377100229, 0.006718435324728489, 0.007142059504985809, 0.006772303022444248, 0.0072075375355780125, 0.00648233387619257, 0.006513252388685942, 0.007539352402091026, 0.006588640622794628, 0.006592444609850645, 0.007094935979694128, 0.006954077631235123, 0.006295863073319197, 0.006560895126312971, 0.006302126217633486, 0.006390076596289873, 0.007183512207120657, 0.005814441945403814, 0.005903876386582851, 0.005870575550943613, 0.005834207404404879, 0.005873870570212603, 0.0058885496109724045, 0.005844366271048784, 0.0058578443713486195, 0.00592241482809186, 0.00598266301676631], "val_mae": [0.022205282002687454, 0.01286123227328062, 0.010628696531057358, 0.010234531946480274, 0.010174237191677094, 0.008313058875501156, 0.008495367132127285, 0.00830132607370615, 0.008063591085374355, 0.008104835636913776, 0.007425500079989433, 0.007563876453787088, 0.008154062554240227, 0.007253372576087713, 0.006939719896763563, 0.006397891324013472, 0.007140154484659433, 0.006733263377100229, 0.006718435324728489, 0.007142059504985809, 0.006772303022444248, 0.0072075375355780125, 0.00648233387619257, 0.006513252388685942, 0.007539352402091026, 0.006588640622794628, 0.006592444609850645, 0.007094935979694128, 0.006954077631235123, 0.006295863073319197, 0.006560895126312971, 0.006302126217633486, 0.006390076596289873, 0.007183512207120657, 0.005814441945403814, 0.005903876386582851, 0.005870575550943613, 0.005834207404404879, 0.005873870570212603, 0.0058885496109724045, 0.005844366271048784, 0.0058578443713486195, 0.00592241482809186, 0.00598266301676631], "val_mape": [9.788944244384766, 5.4516496658325195, 4.662111759185791, 4.341653347015381, 4.527134895324707, 3.620278835296631, 3.926692247390747, 3.728673219680786, 3.682387351989746, 3.460772752761841, 3.0759437084198, 3.2869532108306885, 3.646420955657959, 3.3381471633911133, 2.9773812294006348, 2.661059617996216, 3.093527317047119, 2.840718984603882, 2.9175286293029785, 2.983522415161133, 3.1143641471862793, 3.0312793254852295, 2.681466817855835, 2.767573833465576, 3.396221160888672, 2.751823902130127, 2.8624510765075684, 3.387256383895874, 3.5145504474639893, 2.6547462940216064, 2.751035690307617, 2.6929681301116943, 2.6224863529205322, 2.9546046257019043, 2.4640538692474365, 2.539900302886963, 2.4865236282348633, 2.46734619140625, 2.4639503955841064, 2.526310443878174, 2.457540988922119, 2.4437456130981445, 2.5042591094970703, 2.4903292655944824]}